what,kind,bundleId,bundleVersion,description,time
executed,command,org.eclipse.ui,3.7.0.v20110928-1505,"org.eclipse.ui.edit.delete",1371193229619
executed,command,org.eclipse.ui,3.7.0.v20110928-1505,"org.eclipse.ui.edit.copy",1371193241284
executed,command,org.eclipse.ui,3.7.0.v20110928-1505,"org.eclipse.ui.edit.paste",1371193246968
executed,command,org.eclipse.ui,3.7.0.v20110928-1505,"org.eclipse.ui.edit.text.contentAssist.proposals",1371193249900
deactivated,workbench,org.eclipse.ui.workbench,3.7.1.v20120104-1859,"",1371193251256
activated,workbench,org.eclipse.ui.workbench,3.7.1.v20120104-1859,"",1371193251647
executed,command,org.eclipse.ui,3.7.0.v20110928-1505,"org.eclipse.ui.file.save",1371193253204
executed,command,org.eclipse.ui,3.7.0.v20110928-1505,"org.eclipse.ui.edit.text.contentAssist.proposals",1371193257969
executed,command,org.eclipse.ui,3.7.0.v20110928-1505,"org.eclipse.ui.edit.copy",1371193260626
executed,command,org.eclipse.ui,3.7.0.v20110928-1505,"org.eclipse.ui.edit.paste",1371193262212
deactivated,workbench,org.eclipse.ui.workbench,3.7.1.v20120104-1859,"",1371193266360
activated,workbench,org.eclipse.ui.workbench,3.7.1.v20120104-1859,"",1371193266519
activated,editor,com.android.ide.eclipse.adt,21.0.0.v201210310015-519525,"com.android.ide.eclipse.editors.CommonXmlEditor",1371193270899
executed,command,org.eclipse.ui,3.7.0.v20110928-1505,"org.eclipse.ui.file.save",1371193281751
activated,editor,org.eclipse.jdt.ui,3.7.2.v20120109-1427,"org.eclipse.jdt.ui.CompilationUnitEditor",1371193285952
deactivated,workbench,org.eclipse.ui.workbench,3.7.1.v20120104-1859,"",1371193296909
activated,workbench,org.eclipse.ui.workbench,3.7.1.v20120104-1859,"",1371193297098
executed,command,org.eclipse.ui,3.7.0.v20110928-1505,"org.eclipse.ui.edit.copy",1371193300965
executed,command,org.eclipse.ui,3.7.0.v20110928-1505,"org.eclipse.ui.edit.paste",1371193302831
executed,command,org.eclipse.ui,3.7.0.v20110928-1505,"org.eclipse.ui.edit.copy",1371193308212
executed,command,org.eclipse.ui,3.7.0.v20110928-1505,"org.eclipse.ui.edit.paste",1371193309556
executed,command,org.eclipse.ui,3.7.0.v20110928-1505,"org.eclipse.ui.edit.paste",1371193309893
executed,command,org.eclipse.ui,3.7.0.v20110928-1505,"org.eclipse.ui.file.save",1371193319307
deactivated,workbench,org.eclipse.ui.workbench,3.7.1.v20120104-1859,"",1371193323961
activated,workbench,org.eclipse.ui.workbench,3.7.1.v20120104-1859,"",1371193330770
deactivated,workbench,org.eclipse.ui.workbench,3.7.1.v20120104-1859,"",1371193331849
activated,workbench,org.eclipse.ui.workbench,3.7.1.v20120104-1859,"",1371193333361
executed,command,org.eclipse.jdt.ui,3.7.2.v20120109-1427,"org.eclipse.jdt.ui.edit.text.java.add.block.comment",1371193339399
executed,command,org.eclipse.ui,3.7.0.v20110928-1505,"org.eclipse.ui.edit.text.contentAssist.proposals",1371193344924
deactivated,workbench,org.eclipse.ui.workbench,3.7.1.v20120104-1859,"",1371193347625
activated,workbench,org.eclipse.ui.workbench,3.7.1.v20120104-1859,"",1371193347818
executed,command,org.eclipse.ui,3.7.0.v20110928-1505,"org.eclipse.ui.file.save",1371193352229
activated,view,org.eclipse.jdt.ui,3.7.2.v20120109-1427,"org.eclipse.jdt.ui.PackageExplorer",1371193354626
executed,command,,,"com.android.ide.eclipse.adt.debug.launching.LaunchShortcut.run",1371193356280
deactivated,workbench,org.eclipse.ui.workbench,3.7.1.v20120104-1859,"",1371193357551
activated,workbench,org.eclipse.ui.workbench,3.7.1.v20120104-1859,"",1371193384328
activated,editor,org.eclipse.jdt.ui,3.7.2.v20120109-1427,"org.eclipse.jdt.ui.CompilationUnitEditor",1371193384363
executed,command,org.eclipse.ui,3.7.0.v20110928-1505,"org.eclipse.ui.edit.copy",1371193394494
executed,command,org.eclipse.ui,3.7.0.v20110928-1505,"org.eclipse.ui.edit.paste",1371193396565
executed,command,org.eclipse.ui,3.7.0.v20110928-1505,"org.eclipse.ui.edit.text.contentAssist.proposals",1371193398991
executed,command,org.eclipse.ui,3.7.0.v20110928-1505,"org.eclipse.ui.edit.text.contentAssist.proposals",1371193400571
executed,command,org.eclipse.ui,3.7.0.v20110928-1505,"org.eclipse.ui.edit.text.contentAssist.proposals",1371193401415
executed,command,org.eclipse.ui,3.7.0.v20110928-1505,"org.eclipse.ui.edit.text.contentAssist.proposals",1371193401780
executed,command,org.eclipse.ui,3.7.0.v20110928-1505,"org.eclipse.ui.edit.text.contentAssist.proposals",1371193402127
executed,command,org.eclipse.ui,3.7.0.v20110928-1505,"org.eclipse.ui.edit.text.contentAssist.proposals",1371193402481
deactivated,workbench,org.eclipse.ui.workbench,3.7.1.v20120104-1859,"",1371193404740
activated,workbench,org.eclipse.ui.workbench,3.7.1.v20120104-1859,"",1371193405114
executed,command,org.eclipse.ui,3.7.0.v20110928-1505,"org.eclipse.ui.file.save",1371193413354
activated,view,org.eclipse.jdt.ui,3.7.2.v20120109-1427,"org.eclipse.jdt.ui.PackageExplorer",1371193414778
executed,command,,,"com.android.ide.eclipse.adt.debug.launching.LaunchShortcut.run",1371193416941
deactivated,workbench,org.eclipse.ui.workbench,3.7.1.v20120104-1859,"",1371193418038
activated,workbench,org.eclipse.ui.workbench,3.7.1.v20120104-1859,"",1371193438046
activated,editor,org.eclipse.jdt.ui,3.7.2.v20120109-1427,"org.eclipse.jdt.ui.CompilationUnitEditor",1371193438075
activated,editor,com.android.ide.eclipse.adt,21.0.0.v201210310015-519525,"com.android.ide.eclipse.editors.CommonXmlEditor",1371193439366
deactivated,workbench,org.eclipse.ui.workbench,3.7.1.v20120104-1859,"",1371193458412
activated,workbench,org.eclipse.ui.workbench,3.7.1.v20120104-1859,"",1371193532200
deactivated,workbench,org.eclipse.ui.workbench,3.7.1.v20120104-1859,"",1371193556506
activated,workbench,org.eclipse.ui.workbench,3.7.1.v20120104-1859,"",1371193593243
deactivated,workbench,org.eclipse.ui.workbench,3.7.1.v20120104-1859,"",1371193602006
activated,workbench,org.eclipse.ui.workbench,3.7.1.v20120104-1859,"",1371193603962
executed,command,org.eclipse.ui,3.7.0.v20110928-1505,"org.eclipse.ui.edit.cut",1371193612413
executed,command,org.eclipse.ui,3.7.0.v20110928-1505,"org.eclipse.ui.edit.paste",1371193614139
deactivated,workbench,org.eclipse.ui.workbench,3.7.1.v20120104-1859,"",1371193624921
activated,workbench,org.eclipse.ui.workbench,3.7.1.v20120104-1859,"",1371193625109
executed,command,org.eclipse.ui,3.7.0.v20110928-1505,"org.eclipse.ui.edit.text.contentAssist.proposals",1371193625856
deactivated,workbench,org.eclipse.ui.workbench,3.7.1.v20120104-1859,"",1371193626637
activated,workbench,org.eclipse.ui.workbench,3.7.1.v20120104-1859,"",1371193626819
executed,command,org.eclipse.ui,3.7.0.v20110928-1505,"org.eclipse.ui.file.save",1371193627877
activated,view,org.eclipse.jdt.ui,3.7.2.v20120109-1427,"org.eclipse.jdt.ui.PackageExplorer",1371193629010
executed,command,,,"com.android.ide.eclipse.adt.debug.launching.LaunchShortcut.run",1371193630899
deactivated,workbench,org.eclipse.ui.workbench,3.7.1.v20120104-1859,"",1371193632217
activated,workbench,org.eclipse.ui.workbench,3.7.1.v20120104-1859,"",1371193676614
activated,editor,com.android.ide.eclipse.adt,21.0.0.v201210310015-519525,"com.android.ide.eclipse.editors.CommonXmlEditor",1371193676657
executed,command,org.eclipse.ui,3.7.0.v20110928-1505,"org.eclipse.ui.edit.text.contentAssist.proposals",1371193681160
deactivated,workbench,org.eclipse.ui.workbench,3.7.1.v20120104-1859,"",1371193687574
activated,workbench,org.eclipse.ui.workbench,3.7.1.v20120104-1859,"",1371193764699
activated,editor,org.eclipse.jdt.ui,3.7.2.v20120109-1427,"org.eclipse.jdt.ui.CompilationUnitEditor",1371193784046
closed,editor,com.android.ide.eclipse.adt,21.0.0.v201210310015-519525,"com.android.ide.eclipse.editors.CommonXmlEditor",1371193784046
closed,editor,com.android.ide.eclipse.adt,21.0.0.v201210310015-519525,"com.android.ide.eclipse.editors.CommonXmlEditor",1371193785116
closed,editor,com.android.ide.eclipse.adt,21.0.0.v201210310015-519525,"com.android.ide.eclipse.editors.manifest.ManifestEditor",1371193785822
closed,editor,org.eclipse.jdt.ui,3.7.2.v20120109-1427,"org.eclipse.jdt.ui.CompilationUnitEditor",1371193786710
activated,editor,com.android.ide.eclipse.adt,21.0.0.v201210310015-519525,"com.android.ide.eclipse.editors.CommonXmlEditor",1371193788004
closed,editor,org.eclipse.jdt.ui,3.7.2.v20120109-1427,"org.eclipse.jdt.ui.CompilationUnitEditor",1371193788004
activated,view,org.eclipse.jdt.ui,3.7.2.v20120109-1427,"org.eclipse.jdt.ui.PackageExplorer",1371193788898
closed,editor,com.android.ide.eclipse.adt,21.0.0.v201210310015-519525,"com.android.ide.eclipse.editors.CommonXmlEditor",1371193788898
deactivated,workbench,org.eclipse.ui.workbench,3.7.1.v20120104-1859,"",1371193814167
activated,workbench,org.eclipse.ui.workbench,3.7.1.v20120104-1859,"",1371193825637
deactivated,workbench,org.eclipse.ui.workbench,3.7.1.v20120104-1859,"",1371193826236
activated,workbench,org.eclipse.ui.workbench,3.7.1.v20120104-1859,"",1371193827808
deactivated,workbench,org.eclipse.ui.workbench,3.7.1.v20120104-1859,"",1371193849612
error,log,,,"Failed to load properties file for project 'pratice12'",1371193919179
activated,workbench,org.eclipse.ui.workbench,3.7.1.v20120104-1859,"",1371193919334
opened,editor,com.android.ide.eclipse.adt,21.0.0.v201210310015-519525,"com.android.ide.eclipse.editors.CommonXmlEditor",1371193920145
activated,editor,com.android.ide.eclipse.adt,21.0.0.v201210310015-519525,"com.android.ide.eclipse.editors.CommonXmlEditor",1371193920244
executed,command,org.eclipse.ui,3.7.0.v20110928-1505,"org.eclipse.ui.edit.delete",1371193923973
executed,command,org.eclipse.ui,3.7.0.v20110928-1505,"org.eclipse.ui.edit.delete",1371193926309
executed,command,org.eclipse.ui,3.7.0.v20110928-1505,"org.eclipse.ui.file.save",1371193941657
executed,command,org.eclipse.ui,3.7.0.v20110928-1505,"org.eclipse.ui.edit.selectAll",1371193947242
no handler,command,org.eclipse.jdt.ui,3.7.2.v20120109-1427,"org.eclipse.jdt.ui.edit.text.java.search.references.in.workspace",1371193948044
executed,command,org.eclipse.wst.sse.ui,1.3.2.v201201041522,"org.eclipse.wst.sse.ui.format.document",1371193949025
executed,command,org.eclipse.ui,3.7.0.v20110928-1505,"org.eclipse.ui.file.save",1371193950996
activated,view,org.eclipse.jdt.ui,3.7.2.v20120109-1427,"org.eclipse.jdt.ui.PackageExplorer",1371193958506
activated,editor,com.android.ide.eclipse.adt,21.0.0.v201210310015-519525,"com.android.ide.eclipse.editors.CommonXmlEditor",1371193964298
activated,view,org.eclipse.jdt.ui,3.7.2.v20120109-1427,"org.eclipse.jdt.ui.PackageExplorer",1371193991383
deactivated,workbench,org.eclipse.ui.workbench,3.7.1.v20120104-1859,"",1371193993740
opened,editor,com.android.ide.eclipse.adt,21.0.0.v201210310015-519525,"com.android.ide.eclipse.editors.CommonXmlEditor",1371194007045
activated,editor,com.android.ide.eclipse.adt,21.0.0.v201210310015-519525,"com.android.ide.eclipse.editors.CommonXmlEditor",1371194007095
executed,command,org.eclipse.ui,3.7.0.v20110928-1505,"org.eclipse.ui.newWizard",1371194007291
activated,workbench,org.eclipse.ui.workbench,3.7.1.v20120104-1859,"",1371194007307
activated,view,org.eclipse.jdt.ui,3.7.2.v20120109-1427,"org.eclipse.jdt.ui.PackageExplorer",1371194007321
activated,editor,com.android.ide.eclipse.adt,21.0.0.v201210310015-519525,"com.android.ide.eclipse.editors.CommonXmlEditor",1371194009293
executed,command,org.eclipse.ui,3.7.0.v20110928-1505,"org.eclipse.ui.edit.selectAll",1371194017821
executed,command,org.eclipse.ui,3.7.0.v20110928-1505,"org.eclipse.ui.file.save",1371194019039
executed,command,org.eclipse.ui,3.7.0.v20110928-1505,"org.eclipse.ui.edit.delete",1371194029261
executed,command,org.eclipse.ui,3.7.0.v20110928-1505,"org.eclipse.ui.edit.text.contentAssist.proposals",1371194032457
deactivated,workbench,org.eclipse.ui.workbench,3.7.1.v20120104-1859,"",1371194034776
activated,workbench,org.eclipse.ui.workbench,3.7.1.v20120104-1859,"",1371194034966
executed,command,org.eclipse.ui,3.7.0.v20110928-1505,"org.eclipse.ui.file.save",1371194036785
executed,command,org.eclipse.ui,3.7.0.v20110928-1505,"org.eclipse.ui.edit.text.contentAssist.proposals",1371194038527
deactivated,workbench,org.eclipse.ui.workbench,3.7.1.v20120104-1859,"",1371194039004
activated,workbench,org.eclipse.ui.workbench,3.7.1.v20120104-1859,"",1371194039196
executed,command,org.eclipse.ui,3.7.0.v20110928-1505,"org.eclipse.ui.file.save",1371194039967
executed,command,org.eclipse.ui,3.7.0.v20110928-1505,"org.eclipse.ui.file.save",1371194044278
executed,command,org.eclipse.ui,3.7.0.v20110928-1505,"org.eclipse.ui.edit.text.contentAssist.proposals",1371194052980
deactivated,workbench,org.eclipse.ui.workbench,3.7.1.v20120104-1859,"",1371194053833
activated,workbench,org.eclipse.ui.workbench,3.7.1.v20120104-1859,"",1371194054012
executed,command,org.eclipse.ui,3.7.0.v20110928-1505,"org.eclipse.ui.edit.text.contentAssist.proposals",1371194060539
executed,command,org.eclipse.ui,3.7.0.v20110928-1505,"org.eclipse.ui.edit.text.contentAssist.proposals",1371194064889
executed,command,org.eclipse.ui,3.7.0.v20110928-1505,"org.eclipse.ui.edit.copy",1371194069307
executed,command,org.eclipse.ui,3.7.0.v20110928-1505,"org.eclipse.ui.edit.paste",1371194070717
executed,command,org.eclipse.ui,3.7.0.v20110928-1505,"org.eclipse.ui.edit.text.contentAssist.proposals",1371194083887
executed,command,org.eclipse.ui,3.7.0.v20110928-1505,"org.eclipse.ui.edit.text.contentAssist.proposals",1371194087260
executed,command,org.eclipse.ui,3.7.0.v20110928-1505,"org.eclipse.ui.edit.copy",1371194092152
executed,command,org.eclipse.ui,3.7.0.v20110928-1505,"org.eclipse.ui.edit.paste",1371194093897
executed,command,org.eclipse.ui,3.7.0.v20110928-1505,"org.eclipse.ui.edit.text.contentAssist.proposals",1371194097338
executed,command,org.eclipse.ui,3.7.0.v20110928-1505,"org.eclipse.ui.edit.text.contentAssist.proposals",1371194100715
executed,command,org.eclipse.ui,3.7.0.v20110928-1505,"org.eclipse.ui.file.save",1371194103425
deactivated,workbench,org.eclipse.ui.workbench,3.7.1.v20120104-1859,"",1371194120938
activated,workbench,org.eclipse.ui.workbench,3.7.1.v20120104-1859,"",1371194124000
executed,command,org.eclipse.ui,3.7.0.v20110928-1505,"org.eclipse.ui.file.save",1371194137643
activated,view,org.eclipse.jdt.ui,3.7.2.v20120109-1427,"org.eclipse.jdt.ui.PackageExplorer",1371194145535
deactivated,workbench,org.eclipse.ui.workbench,3.7.1.v20120104-1859,"",1371194148772
executed,command,org.eclipse.ui,3.7.0.v20110928-1505,"org.eclipse.ui.edit.copy",1371194150118
executed,command,org.eclipse.ui,3.7.0.v20110928-1505,"org.eclipse.ui.edit.rename",1371194151139
activated,workbench,org.eclipse.ui.workbench,3.7.1.v20120104-1859,"",1371194151156
deactivated,workbench,org.eclipse.ui.workbench,3.7.1.v20120104-1859,"",1371194169906
started,bundle,org.eclipse.wst.jsdt.debug.rhino.ui,1.0.1.v201201112313,"org.eclipse.wst.jsdt.debug.rhino.ui",1371194175368
executed,command,org.eclipse.jdt.ui,3.7.2.v20120109-1427,"org.eclipse.jdt.ui.edit.text.java.rename.element",1371194175638
activated,workbench,org.eclipse.ui.workbench,3.7.1.v20120104-1859,"",1371194175656
activated,editor,com.android.ide.eclipse.adt,21.0.0.v201210310015-519525,"com.android.ide.eclipse.editors.CommonXmlEditor",1371194177332
activated,view,org.eclipse.jdt.ui,3.7.2.v20120109-1427,"org.eclipse.jdt.ui.PackageExplorer",1371194178309
deactivated,workbench,org.eclipse.ui.workbench,3.7.1.v20120104-1859,"",1371194179704
executed,command,org.eclipse.ui,3.7.0.v20110928-1505,"org.eclipse.ui.edit.copy",1371194180707
executed,command,org.eclipse.ui,3.7.0.v20110928-1505,"org.eclipse.ui.edit.rename",1371194181787
activated,workbench,org.eclipse.ui.workbench,3.7.1.v20120104-1859,"",1371194181805
deactivated,workbench,org.eclipse.ui.workbench,3.7.1.v20120104-1859,"",1371194185678
executed,command,org.eclipse.ui,3.7.0.v20110928-1505,"org.eclipse.ui.edit.paste",1371194186656
activated,workbench,org.eclipse.ui.workbench,3.7.1.v20120104-1859,"",1371194192966
deactivated,workbench,org.eclipse.ui.workbench,3.7.1.v20120104-1859,"",1371194198384
executed,command,org.eclipse.ui,3.7.0.v20110928-1505,"org.eclipse.ui.edit.paste",1371194199910
activated,workbench,org.eclipse.ui.workbench,3.7.1.v20120104-1859,"",1371194205666
deactivated,workbench,org.eclipse.ui.workbench,3.7.1.v20120104-1859,"",1371194236890
activated,workbench,org.eclipse.ui.workbench,3.7.1.v20120104-1859,"",1371194580640
activated,editor,com.android.ide.eclipse.adt,21.0.0.v201210310015-519525,"com.android.ide.eclipse.editors.CommonXmlEditor",1371194586703
activated,editor,com.android.ide.eclipse.adt,21.0.0.v201210310015-519525,"com.android.ide.eclipse.editors.CommonXmlEditor",1371194586914
closed,editor,com.android.ide.eclipse.adt,21.0.0.v201210310015-519525,"com.android.ide.eclipse.editors.CommonXmlEditor",1371194586914
activated,view,org.eclipse.jdt.ui,3.7.2.v20120109-1427,"org.eclipse.jdt.ui.PackageExplorer",1371194588857
closed,editor,com.android.ide.eclipse.adt,21.0.0.v201210310015-519525,"com.android.ide.eclipse.editors.CommonXmlEditor",1371194588857
opened,editor,org.eclipse.jdt.ui,3.7.2.v20120109-1427,"org.eclipse.jdt.ui.CompilationUnitEditor",1371194598452
activated,editor,org.eclipse.jdt.ui,3.7.2.v20120109-1427,"org.eclipse.jdt.ui.CompilationUnitEditor",1371194598492
activated,view,org.eclipse.jdt.ui,3.7.2.v20120109-1427,"org.eclipse.jdt.ui.PackageExplorer",1371194598518
activated,editor,org.eclipse.jdt.ui,3.7.2.v20120109-1427,"org.eclipse.jdt.ui.CompilationUnitEditor",1371194601444
opened,editor,org.eclipse.jdt.ui,3.7.2.v20120109-1427,"org.eclipse.jdt.ui.CompilationUnitEditor",1371194614745
activated,editor,org.eclipse.jdt.ui,3.7.2.v20120109-1427,"org.eclipse.jdt.ui.CompilationUnitEditor",1371194614769
opened,editor,org.eclipse.jdt.ui,3.7.2.v20120109-1427,"org.eclipse.jdt.ui.CompilationUnitEditor",1371194689093
activated,editor,org.eclipse.jdt.ui,3.7.2.v20120109-1427,"org.eclipse.jdt.ui.CompilationUnitEditor",1371194689117
activated,view,org.eclipse.jdt.ui,3.7.2.v20120109-1427,"org.eclipse.jdt.ui.PackageExplorer",1371194695514
deactivated,workbench,org.eclipse.ui.workbench,3.7.1.v20120104-1859,"",1371194710664
executed,command,org.eclipse.jdt.ui,3.7.2.v20120109-1427,"org.eclipse.jdt.ui.edit.text.java.rename.element",1371194714052
activated,workbench,org.eclipse.ui.workbench,3.7.1.v20120104-1859,"",1371194714071
activated,editor,org.eclipse.jdt.ui,3.7.2.v20120109-1427,"org.eclipse.jdt.ui.CompilationUnitEditor",1371194724844
activated,editor,org.eclipse.jdt.ui,3.7.2.v20120109-1427,"org.eclipse.jdt.ui.CompilationUnitEditor",1371194728449
activated,editor,org.eclipse.jdt.ui,3.7.2.v20120109-1427,"org.eclipse.jdt.ui.CompilationUnitEditor",1371194733154
opened,editor,org.eclipse.jdt.ui,3.7.2.v20120109-1427,"org.eclipse.jdt.ui.CompilationUnitEditor",1371194740056
activated,editor,org.eclipse.jdt.ui,3.7.2.v20120109-1427,"org.eclipse.jdt.ui.CompilationUnitEditor",1371194740079
activated,editor,org.eclipse.jdt.ui,3.7.2.v20120109-1427,"org.eclipse.jdt.ui.CompilationUnitEditor",1371194747076
activated,editor,org.eclipse.jdt.ui,3.7.2.v20120109-1427,"org.eclipse.jdt.ui.CompilationUnitEditor",1371194897432
activated,editor,org.eclipse.jdt.ui,3.7.2.v20120109-1427,"org.eclipse.jdt.ui.CompilationUnitEditor",1371194904902
closed,editor,org.eclipse.jdt.ui,3.7.2.v20120109-1427,"org.eclipse.jdt.ui.CompilationUnitEditor",1371194904902
activated,editor,org.eclipse.jdt.ui,3.7.2.v20120109-1427,"org.eclipse.jdt.ui.CompilationUnitEditor",1371194907199
activated,view,org.eclipse.jdt.ui,3.7.2.v20120109-1427,"org.eclipse.jdt.ui.PackageExplorer",1371195026598
opened,editor,com.android.ide.eclipse.adt,21.0.0.v201210310015-519525,"com.android.ide.eclipse.editors.CommonXmlEditor",1371195111615
activated,editor,com.android.ide.eclipse.adt,21.0.0.v201210310015-519525,"com.android.ide.eclipse.editors.CommonXmlEditor",1371195111715
activated,editor,org.eclipse.jdt.ui,3.7.2.v20120109-1427,"org.eclipse.jdt.ui.CompilationUnitEditor",1371195118215
activated,view,org.eclipse.jdt.ui,3.7.2.v20120109-1427,"org.eclipse.jdt.ui.PackageExplorer",1371195141219
opened,editor,com.android.ide.eclipse.adt,21.0.0.v201210310015-519525,"com.android.ide.eclipse.editors.CommonXmlEditor",1371195142104
activated,editor,com.android.ide.eclipse.adt,21.0.0.v201210310015-519525,"com.android.ide.eclipse.editors.CommonXmlEditor",1371195142196
activated,editor,org.eclipse.jdt.ui,3.7.2.v20120109-1427,"org.eclipse.jdt.ui.CompilationUnitEditor",1371195156942
activated,editor,org.eclipse.jdt.ui,3.7.2.v20120109-1427,"org.eclipse.jdt.ui.CompilationUnitEditor",1371195157801
executed,command,org.eclipse.ui,3.7.0.v20110928-1505,"org.eclipse.ui.file.save",1371195164604
activated,view,org.eclipse.jdt.ui,3.7.2.v20120109-1427,"org.eclipse.jdt.ui.PackageExplorer",1371195209938
opened,editor,org.eclipse.jdt.ui,3.7.2.v20120109-1427,"org.eclipse.jdt.ui.CompilationUnitEditor",1371195238798
activated,editor,org.eclipse.jdt.ui,3.7.2.v20120109-1427,"org.eclipse.jdt.ui.CompilationUnitEditor",1371195238833
activated,view,org.eclipse.jdt.ui,3.7.2.v20120109-1427,"org.eclipse.jdt.ui.PackageExplorer",1371195238853
activated,editor,org.eclipse.jdt.ui,3.7.2.v20120109-1427,"org.eclipse.jdt.ui.CompilationUnitEditor",1371195252294
activated,editor,org.eclipse.jdt.ui,3.7.2.v20120109-1427,"org.eclipse.jdt.ui.CompilationUnitEditor",1371195344720
activated,editor,org.eclipse.jdt.ui,3.7.2.v20120109-1427,"org.eclipse.jdt.ui.CompilationUnitEditor",1371195403123
activated,editor,org.eclipse.jdt.ui,3.7.2.v20120109-1427,"org.eclipse.jdt.ui.CompilationUnitEditor",1371195411307
activated,editor,org.eclipse.jdt.ui,3.7.2.v20120109-1427,"org.eclipse.jdt.ui.CompilationUnitEditor",1371195777869
activated,editor,org.eclipse.jdt.ui,3.7.2.v20120109-1427,"org.eclipse.jdt.ui.CompilationUnitEditor",1371195787750
activated,editor,org.eclipse.jdt.ui,3.7.2.v20120109-1427,"org.eclipse.jdt.ui.CompilationUnitEditor",1371195795541
activated,editor,org.eclipse.jdt.ui,3.7.2.v20120109-1427,"org.eclipse.jdt.ui.CompilationUnitEditor",1371195801934
activated,editor,org.eclipse.jdt.ui,3.7.2.v20120109-1427,"org.eclipse.jdt.ui.CompilationUnitEditor",1371195871815
activated,editor,org.eclipse.jdt.ui,3.7.2.v20120109-1427,"org.eclipse.jdt.ui.CompilationUnitEditor",1371195887780
opened,editor,org.eclipse.jdt.ui,3.7.2.v20120109-1427,"org.eclipse.jdt.ui.CompilationUnitEditor",1371196104869
activated,editor,org.eclipse.jdt.ui,3.7.2.v20120109-1427,"org.eclipse.jdt.ui.CompilationUnitEditor",1371196104893
activated,editor,org.eclipse.jdt.ui,3.7.2.v20120109-1427,"org.eclipse.jdt.ui.CompilationUnitEditor",1371196122954
opened,editor,org.eclipse.jdt.ui,3.7.2.v20120109-1427,"org.eclipse.jdt.ui.ClassFileEditor",1371196142155
activated,editor,org.eclipse.jdt.ui,3.7.2.v20120109-1427,"org.eclipse.jdt.ui.ClassFileEditor",1371196142199
activated,editor,org.eclipse.jdt.ui,3.7.2.v20120109-1427,"org.eclipse.jdt.ui.CompilationUnitEditor",1371196145365
closed,editor,org.eclipse.jdt.ui,3.7.2.v20120109-1427,"org.eclipse.jdt.ui.ClassFileEditor",1371196145366
activated,editor,org.eclipse.jdt.ui,3.7.2.v20120109-1427,"org.eclipse.jdt.ui.CompilationUnitEditor",1371196234135
activated,editor,org.eclipse.jdt.ui,3.7.2.v20120109-1427,"org.eclipse.jdt.ui.CompilationUnitEditor",1371196249638
activated,editor,com.android.ide.eclipse.adt,21.0.0.v201210310015-519525,"com.android.ide.eclipse.editors.CommonXmlEditor",1371196317097
activated,editor,org.eclipse.jdt.ui,3.7.2.v20120109-1427,"org.eclipse.jdt.ui.CompilationUnitEditor",1371196318566
opened,editor,org.eclipse.jdt.ui,3.7.2.v20120109-1427,"org.eclipse.jdt.ui.CompilationUnitEditor",1371196334880
activated,editor,org.eclipse.jdt.ui,3.7.2.v20120109-1427,"org.eclipse.jdt.ui.CompilationUnitEditor",1371196334911
activated,view,org.eclipse.jdt.ui,3.7.2.v20120109-1427,"org.eclipse.jdt.ui.PackageExplorer",1371196409716
opened,editor,com.android.ide.eclipse.adt,21.0.0.v201210310015-519525,"com.android.ide.eclipse.editors.CommonXmlEditor",1371196422434
activated,editor,com.android.ide.eclipse.adt,21.0.0.v201210310015-519525,"com.android.ide.eclipse.editors.CommonXmlEditor",1371196422519
activated,editor,org.eclipse.jdt.ui,3.7.2.v20120109-1427,"org.eclipse.jdt.ui.CompilationUnitEditor",1371196456915
activated,view,org.eclipse.jdt.ui,3.7.2.v20120109-1427,"org.eclipse.jdt.ui.PackageExplorer",1371196482715
deactivated,workbench,org.eclipse.ui.workbench,3.7.1.v20120104-1859,"",1371196557440
activated,workbench,org.eclipse.ui.workbench,3.7.1.v20120104-1859,"",1371196561431
deactivated,workbench,org.eclipse.ui.workbench,3.7.1.v20120104-1859,"",1371196564034
activated,workbench,org.eclipse.ui.workbench,3.7.1.v20120104-1859,"",1371196819091
activated,editor,org.eclipse.jdt.ui,3.7.2.v20120109-1427,"org.eclipse.jdt.ui.CompilationUnitEditor",1371196898713
activated,editor,org.eclipse.jdt.ui,3.7.2.v20120109-1427,"org.eclipse.jdt.ui.CompilationUnitEditor",1371196908922
activated,editor,org.eclipse.jdt.ui,3.7.2.v20120109-1427,"org.eclipse.jdt.ui.CompilationUnitEditor",1371196946819
activated,editor,org.eclipse.jdt.ui,3.7.2.v20120109-1427,"org.eclipse.jdt.ui.CompilationUnitEditor",1371196953082
deactivated,workbench,org.eclipse.ui.workbench,3.7.1.v20120104-1859,"",1371196996871
activated,workbench,org.eclipse.ui.workbench,3.7.1.v20120104-1859,"",1371197228969
deactivated,workbench,org.eclipse.ui.workbench,3.7.1.v20120104-1859,"",1371199419319
activated,workbench,org.eclipse.ui.workbench,3.7.1.v20120104-1859,"",1371199443198
deactivated,workbench,org.eclipse.ui.workbench,3.7.1.v20120104-1859,"",1371199446322
activated,workbench,org.eclipse.ui.workbench,3.7.1.v20120104-1859,"",1371199606136
activated,view,org.eclipse.jdt.ui,3.7.2.v20120109-1427,"org.eclipse.jdt.ui.PackageExplorer",1371199608565
activated,editor,org.eclipse.jdt.ui,3.7.2.v20120109-1427,"org.eclipse.jdt.ui.CompilationUnitEditor",1371199609860
activated,editor,org.eclipse.jdt.ui,3.7.2.v20120109-1427,"org.eclipse.jdt.ui.CompilationUnitEditor",1371199609886
closed,editor,org.eclipse.jdt.ui,3.7.2.v20120109-1427,"org.eclipse.jdt.ui.CompilationUnitEditor",1371199609886
